City_ID,City,Country,Lat,Lng,Max Temp,Humidity,Cloudiness,Wind Speed,Current Description
0,Sabang,ID,5.8933,95.3214,82.47,74,46,11.18,scattered clouds
1,Yellowknife,CA,62.456,-114.3525,14.29,63,100,5.99,overcast clouds
2,Iqaluit,CA,63.7506,-68.5145,-5.31,70,18,15.99,few clouds
3,Ushuaia,AR,-54.8,-68.3,45.88,77,100,3.85,light rain
4,Saint-Pierre,RE,-21.3393,55.4781,78.48,91,0,4.61,clear sky
5,Baturaja,ID,-4.1333,104.1667,72.14,94,92,2.15,overcast clouds
6,Sitka,US,57.0531,-135.33,46.29,57,100,19.57,overcast clouds
7,Nikolskoye,RU,59.7035,30.7861,35.49,86,2,5.06,clear sky
8,Hermanus,ZA,-34.4187,19.2345,71.8,82,84,15.01,broken clouds
9,Mataura,NZ,-46.1927,168.8643,61.47,79,5,1.28,clear sky
10,Geraldton,AU,-28.7667,114.6,61.21,67,0,6.91,clear sky
11,Hilo,US,19.7297,-155.09,80.33,72,75,4.61,light rain
12,Chuy,UY,-33.6971,-53.4616,67.32,93,100,7.56,overcast clouds
13,Rikitea,PF,-23.1203,-134.9692,79.77,71,63,12.39,broken clouds
14,Bluff,NZ,-46.6,168.3333,59.47,85,5,5.64,clear sky
15,Esperance,AU,-33.8667,121.9,61.74,62,97,8.93,overcast clouds
16,Jamestown,US,42.097,-79.2353,51.03,23,100,5.01,overcast clouds
17,Victor Harbor,AU,-35.5667,138.6167,63.0,76,100,1.99,overcast clouds
18,Mar Del Plata,AR,-38.0023,-57.5575,67.87,90,60,11.99,broken clouds
19,Ngaoundere,CM,7.3167,13.5833,75.16,17,94,3.4,overcast clouds
20,Souillac,MU,-20.5167,57.5167,80.06,87,23,10.87,few clouds
21,Albany,US,42.6001,-73.9662,50.04,28,54,1.99,broken clouds
22,Kavieng,PG,-2.5744,150.7967,81.37,77,100,8.79,light rain
23,Lenguazaque,CO,5.3071,-73.7115,63.36,72,82,4.92,broken clouds
24,Dingle,PH,10.9995,122.6711,76.91,91,100,6.02,overcast clouds
25,Hobart,AU,-42.8794,147.3294,53.46,78,20,12.66,few clouds
26,Callaway,US,30.153,-85.5699,76.91,70,75,24.16,broken clouds
27,Butaritari,KI,3.0707,172.7902,81.25,74,63,20.62,broken clouds
28,Oga,IT,46.4631,10.347,34.68,70,0,2.33,clear sky
29,Aban,RU,56.67,96.06,21.61,93,100,6.24,overcast clouds
30,Hithadhoo,MV,-0.6,73.0833,83.23,75,1,14.88,clear sky
31,Narsaq,GL,60.9167,-46.05,21.42,69,100,3.2,overcast clouds
32,Ribeira Grande,PT,38.5167,-28.7,59.4,82,40,9.22,scattered clouds
33,Saint-Philippe,RE,-21.3585,55.7679,78.39,89,62,9.08,broken clouds
34,Mount Isa,AU,-20.7333,139.5,67.77,56,99,0.0,overcast clouds
35,Punta Arenas,CL,-53.15,-70.9167,51.91,43,0,20.71,clear sky
36,Ulladulla,AU,-35.35,150.4667,68.9,90,100,6.93,overcast clouds
37,Kolyvan,RU,55.3053,82.7391,19.02,98,93,7.72,overcast clouds
38,Saldanha,ZA,-33.0117,17.9442,69.33,79,100,4.74,light rain
39,Dikson,RU,73.5069,80.5464,7.34,89,100,17.2,overcast clouds
40,Vigrestad,NO,58.5667,5.7,37.58,83,1,3.51,clear sky
41,Tuma,RU,55.148,40.5537,28.71,97,0,4.21,clear sky
42,Thompson,CA,55.7435,-97.8558,26.76,93,100,4.61,overcast clouds
43,Barrow,US,71.2906,-156.7887,-20.18,83,0,12.66,clear sky
44,Yumen,CN,40.2833,97.2,38.88,53,54,7.11,broken clouds
45,Roald,NO,62.5833,6.1333,43.75,93,0,3.44,clear sky
46,Nanortalik,GL,60.1432,-45.2371,22.28,73,100,8.5,overcast clouds
47,Atuona,PF,-9.8,-139.0333,79.34,78,100,16.4,overcast clouds
48,Castro,BR,-24.7911,-50.0119,66.72,76,66,5.53,broken clouds
49,Tiksi,RU,71.6872,128.8694,-14.1,97,81,4.63,broken clouds
50,Vaini,TO,-21.2,-175.2,80.13,71,100,7.96,overcast clouds
51,Bako,ET,5.7833,36.5667,66.9,65,63,4.23,light rain
52,Aklavik,CA,68.2191,-135.0107,-2.2,87,100,10.63,overcast clouds
53,Port Keats,AU,-14.25,129.55,79.81,84,100,1.57,overcast clouds
54,Cidreira,BR,-30.1811,-50.2056,73.15,77,100,24.87,overcast clouds
55,Fairmont,US,39.4851,-80.1426,67.3,39,100,1.01,overcast clouds
56,Deputatskiy,RU,69.3,139.9,-4.22,97,100,4.27,overcast clouds
57,Vanino,RU,49.0869,140.2543,16.56,88,10,5.97,clear sky
58,Segovia,ES,41.1667,-4.0,41.43,87,100,10.42,overcast clouds
59,Tilichiki,RU,60.4667,166.1,21.54,95,98,7.81,overcast clouds
60,Port Lincoln,AU,-34.7333,135.8667,61.52,76,100,15.23,overcast clouds
61,Khatanga,RU,71.9667,102.5,-12.01,97,100,3.62,overcast clouds
62,Bluefields,NI,12.0137,-83.7635,81.18,74,87,9.08,overcast clouds
63,Lavrentiya,RU,65.5833,-171.0,9.1,82,84,2.59,broken clouds
64,Tasiilaq,GL,65.6145,-37.6368,14.16,60,13,3.22,few clouds
65,Tuktoyaktuk,CA,69.4541,-133.0374,-9.9,91,32,9.73,scattered clouds
66,Soledade,BR,-28.8183,-52.5103,72.48,64,95,3.15,overcast clouds
67,Vitim,RU,59.4511,112.5578,20.19,97,100,5.7,overcast clouds
68,Santa Rosa,PH,14.3122,121.1114,82.11,76,79,5.68,broken clouds
69,Pangnirtung,CA,66.1451,-65.7125,-10.64,95,11,1.54,few clouds
70,Qaanaaq,GL,77.484,-69.3632,-5.06,98,100,3.04,overcast clouds
71,Baykit,RU,61.67,96.37,13.17,98,100,1.79,light snow
72,Georgetown,MY,5.4112,100.3354,82.33,78,40,3.44,thunderstorm
73,Hofn,IS,64.2539,-15.2082,45.5,99,100,7.78,light rain
74,Avarua,CK,-21.2078,-159.775,82.45,74,100,8.05,overcast clouds
75,Bom Jesus,BR,-9.0744,-44.3586,84.22,55,85,2.08,overcast clouds
76,Namanga,KE,-2.5433,36.7905,68.32,56,4,6.73,clear sky
77,Regeneracao,BR,-6.2378,-42.6883,75.42,93,96,4.41,heavy intensity rain
78,Busselton,AU,-33.65,115.3333,52.74,83,0,11.45,clear sky
79,Luderitz,NA,-26.6481,15.1594,65.8,83,0,13.82,clear sky
80,Sampit,ID,-2.5333,112.95,72.9,90,100,0.94,light rain
81,Bethel,US,41.3712,-73.414,55.76,24,95,1.01,overcast clouds
82,Sandwick,GB,60.0,-1.25,44.42,93,20,10.36,haze
83,Honiara,SB,-9.4333,159.95,79.75,84,68,2.28,broken clouds
84,Zhuhai,CN,22.2769,113.5678,65.98,94,75,19.57,broken clouds
85,Rawson,AR,-43.3002,-65.1023,75.02,26,0,9.82,clear sky
86,Eyl,SO,7.9803,49.8164,76.68,79,38,4.47,scattered clouds
87,Kaitangata,NZ,-46.2817,169.8464,59.47,84,5,2.66,clear sky
88,Lethem,GY,3.3803,-59.7968,91.99,40,83,9.57,broken clouds
89,Port Alfred,ZA,-33.5906,26.891,71.49,87,2,11.54,clear sky
90,Oranjemund,NA,-28.55,16.4333,64.26,90,82,2.3,broken clouds
91,New Norfolk,AU,-42.7826,147.0587,53.1,66,47,1.99,light rain
92,Sept-Iles,CA,50.2001,-66.3821,39.06,54,100,11.99,overcast clouds
93,Cayenne,GF,4.9333,-52.3333,75.24,1,75,6.91,light rain
94,Saskylakh,RU,71.9167,114.0833,-12.01,100,99,2.15,overcast clouds
95,Hasaki,JP,35.7333,140.8333,30.6,56,38,20.58,scattered clouds
96,Lorengau,PG,-2.0226,147.2712,81.37,77,100,6.13,overcast clouds
97,Banda Aceh,ID,5.5577,95.3222,79.32,80,70,8.63,broken clouds
98,Nantucket,US,41.2835,-70.0995,51.03,40,0,13.8,clear sky
99,Kayes,ML,14.0,-11.0,95.47,12,7,5.41,clear sky
100,Dukat,RU,62.55,155.55,9.82,99,100,5.17,overcast clouds
101,Bredasdorp,ZA,-34.5322,20.0403,69.85,82,87,15.84,overcast clouds
102,Ancud,CL,-41.8697,-73.8203,54.23,88,100,20.42,light rain
103,Alofi,NU,-19.0595,-169.9187,84.09,84,75,12.66,broken clouds
104,Treuchtlingen,DE,48.95,10.9167,43.39,48,0,1.74,clear sky
105,Shingu,JP,33.7333,135.9833,42.06,83,100,6.42,overcast clouds
106,Carnarvon,AU,-24.8667,113.6333,77.07,73,92,10.36,overcast clouds
107,Namibe,AO,-15.1961,12.1522,75.52,75,96,5.79,overcast clouds
108,Cabo San Lucas,MX,22.8909,-109.9124,81.05,27,0,13.8,clear sky
109,Mandal,IN,25.45,74.5667,76.53,17,48,8.01,scattered clouds
110,Ukiah,US,39.1502,-123.2078,86.52,32,0,4.61,clear sky
111,Akyab,MM,20.15,92.9,77.74,82,100,11.23,overcast clouds
112,East London,ZA,-33.0153,27.9116,71.94,81,9,10.74,clear sky
113,Longyearbyen,SJ,78.2186,15.6401,6.64,66,20,9.22,few clouds
114,Sibolga,ID,1.7427,98.7792,76.68,87,91,2.68,overcast clouds
115,Okhotsk,RU,59.3833,143.3,19.35,95,100,5.84,light snow
116,Victoria,HK,22.2855,114.1577,68.32,93,100,5.01,overcast clouds
117,Gorontalo,ID,0.5412,123.0595,74.21,96,100,5.55,overcast clouds
118,Vardo,NO,70.3705,31.1107,30.18,86,75,18.41,broken clouds
119,Cape Town,ZA,-33.9258,18.4232,74.12,71,41,11.36,scattered clouds
120,Banjar,ID,-8.19,114.9675,78.3,88,100,1.5,overcast clouds
121,Mahebourg,MU,-20.4081,57.7,79.25,84,20,11.9,light rain
122,Upernavik,GL,72.7868,-56.1549,-6.61,83,100,6.08,overcast clouds
123,Katsuura,JP,35.1333,140.3,42.03,72,94,17.45,overcast clouds
124,Cozumel,MX,20.5083,-86.9458,84.27,75,40,13.8,scattered clouds
125,Provideniya,RU,64.3833,-173.3,14.11,79,30,2.24,fog
126,Bengkulu,ID,-3.8004,102.2655,75.29,87,100,4.72,overcast clouds
127,Bathsheba,BB,13.2167,-59.5167,81.21,65,40,17.27,scattered clouds
128,Komsomolskiy,UZ,40.4272,71.7189,52.14,67,100,1.36,overcast clouds
129,Torbay,CA,47.6666,-52.7314,33.58,75,75,20.71,light snow
130,Qaqortoq,GL,60.7167,-46.0333,18.09,70,100,3.2,overcast clouds
131,Lompoc,US,34.6391,-120.4579,87.78,34,6,10.36,clear sky
132,Chokurdakh,RU,70.6333,147.9167,-0.17,98,100,4.23,overcast clouds
133,Lianzhou,CN,24.7811,112.3825,48.96,91,100,4.27,light rain
134,Tura,IN,25.5198,90.2201,73.69,46,28,2.64,scattered clouds
135,Pevek,RU,69.7008,170.3133,24.03,78,100,22.21,overcast clouds
136,Denison,US,33.7557,-96.5367,48.94,73,100,20.71,overcast clouds
137,Bambous Virieux,MU,-20.3428,57.7575,79.21,84,19,11.77,light rain
138,Vila,PT,42.0304,-8.1588,43.7,86,100,4.65,light rain
139,Touros,BR,-5.1989,-35.4608,80.33,81,98,10.58,light rain
140,Kostomuksha,RU,64.571,30.5767,30.88,95,94,8.05,overcast clouds
141,Salalah,OM,17.0151,54.0924,73.49,64,0,4.61,clear sky
142,Maxixe,MZ,-23.8597,35.3472,73.4,77,54,7.14,broken clouds
143,Naze,JP,28.3667,129.4833,61.34,82,100,8.48,overcast clouds
144,Rafaela,AR,-31.2503,-61.4867,75.99,70,98,1.01,overcast clouds
145,Bilibino,RU,68.0546,166.4372,12.83,94,100,3.02,overcast clouds
146,Husavik,IS,66.0449,-17.3389,32.56,96,100,15.01,light snow
147,Kamaishi,JP,39.2667,141.8833,32.14,70,3,4.21,clear sky
148,Yuancheng,CN,36.652,107.7896,36.68,98,59,4.88,broken clouds
149,Sola,VU,-13.8833,167.55,82.22,74,100,12.3,overcast clouds
150,Male,MV,4.1748,73.5089,81.99,69,8,11.72,clear sky
151,La Libertad,EC,-2.2333,-80.9,83.86,70,0,11.5,clear sky
152,Prattville,US,32.464,-86.4597,80.11,51,100,20.71,overcast clouds
153,Petropavlovka,RU,50.6114,105.3196,11.75,94,74,3.91,broken clouds
154,Ikongo,MG,-21.8833,47.4333,69.19,98,100,0.87,overcast clouds
155,Bara,NG,10.3744,10.7288,85.91,12,58,2.8,broken clouds
156,Port Elizabeth,ZA,-33.918,25.5701,68.31,98,75,3.44,mist
157,La Ronge,CA,55.1001,-105.2842,33.13,86,95,7.23,overcast clouds
158,Kapaa,US,22.0752,-159.319,71.92,81,100,17.27,heavy intensity rain
159,Muana,BR,-1.5283,-49.2167,75.76,92,100,3.09,light rain
160,Ilulissat,GL,69.2167,-51.1,3.22,66,75,13.8,light shower snow
161,Lere,NG,10.387,8.5726,81.77,13,72,1.28,broken clouds
162,San Policarpo,PH,12.1791,125.5072,79.7,83,73,6.62,broken clouds
163,El Alto,PE,-4.2714,-81.2147,80.26,71,89,15.64,overcast clouds
164,Mombetsu,JP,44.3525,143.3525,27.97,85,19,7.63,few clouds
165,Mount Gambier,AU,-37.8333,140.7667,58.26,58,93,7.31,overcast clouds
166,Walvis Bay,NA,-22.9575,14.5053,64.09,73,21,6.78,light rain
167,Aktau,KZ,43.65,51.2,28.98,74,0,14.54,clear sky
168,Parrita,CR,9.5201,-84.3225,85.91,66,62,7.14,broken clouds
169,Hovd,MN,48.0056,91.6419,24.28,42,100,7.18,overcast clouds
170,Vanavara,RU,60.34,102.2797,13.44,97,100,5.08,overcast clouds
171,Inirida,CO,3.8653,-67.9239,85.44,64,72,1.83,broken clouds
172,Basoko,CD,1.2391,23.616,71.83,86,98,4.83,overcast clouds
173,San Patricio,US,28.017,-97.5169,82.49,27,0,17.65,clear sky
174,Yerbogachen,RU,61.2767,108.0108,14.16,98,100,3.53,overcast clouds
175,Kahului,US,20.8947,-156.47,82.42,65,40,23.02,scattered clouds
176,Westport,US,41.1415,-73.3579,57.27,16,0,16.11,clear sky
177,Sorong,ID,-0.8833,131.25,78.49,84,100,9.26,overcast clouds
178,Zacatecoluca,SV,13.5,-88.8667,90.23,46,60,10.42,broken clouds
179,Puerto Ayora,EC,-0.7393,-90.3518,85.96,86,55,8.99,broken clouds
180,Kant,IN,27.8,79.8,73.09,15,0,8.66,clear sky
181,Sijunjung,ID,-0.6876,100.9537,71.08,89,100,2.17,overcast clouds
182,Dayong,CN,25.0209,118.2898,57.94,96,100,2.26,light rain
183,Pasighat,IN,28.0667,95.3333,72.7,47,29,5.21,scattered clouds
184,Meiganga,CM,6.5167,14.3,71.73,17,95,2.93,overcast clouds
185,Noumea,NC,-22.2763,166.4572,78.01,99,92,6.22,overcast clouds
186,West Wendover,US,40.7391,-114.0733,52.81,37,100,4.61,overcast clouds
187,Netivot,IL,31.4222,34.5886,50.97,60,84,3.47,broken clouds
188,Klaksvik,FO,62.2266,-6.589,47.32,90,100,20.38,overcast clouds
189,Itoman,JP,26.1247,127.6694,66.97,96,75,8.05,broken clouds
190,Hamina,FI,60.5697,27.1979,33.08,88,26,5.66,scattered clouds
191,Markova,UA,48.6758,24.4138,38.41,71,0,4.18,clear sky
192,Normandin,CA,48.8333,-72.5321,32.31,76,93,15.19,overcast clouds
193,Vila Franca Do Campo,PT,37.7167,-25.4333,61.2,84,47,9.04,scattered clouds
194,Clearwater,US,27.9659,-82.8001,89.17,49,0,10.36,clear sky
195,Hamilton,US,39.1834,-84.5333,69.24,64,100,9.22,overcast clouds
196,Kazerun,IR,29.6195,51.6541,65.59,34,0,3.62,clear sky
197,Sheridan,US,44.8333,-106.9173,47.91,33,75,20.71,broken clouds
198,Grants Pass,US,42.439,-123.3284,72.28,56,0,8.05,clear sky
199,Santiago De Cao,PE,-7.9589,-79.2392,73.53,73,20,14.97,few clouds
200,Ust-Koksa,RU,50.2696,85.6108,18.99,95,100,4.99,light snow
201,Ust-Tsilma,RU,65.441,52.1498,27.57,79,99,14.45,overcast clouds
202,Hambantota,LK,6.1241,81.1185,78.62,83,53,8.61,broken clouds
203,Mogadishu,SO,2.0371,45.3438,79.16,78,3,12.66,clear sky
204,Kichera,RU,55.9375,110.0997,13.08,95,96,1.21,overcast clouds
205,Lata,PT,40.1629,-8.3327,56.8,96,100,3.8,light rain
206,Pemba,MZ,-12.974,40.5178,81.3,78,75,5.75,broken clouds
207,Ust-Kuyga,RU,70.0167,135.6,-5.22,98,100,1.59,overcast clouds
208,Paramonga,PE,-10.6667,-77.8333,73.29,77,12,11.14,few clouds
209,Riyadh,SA,24.6877,46.7219,71.74,14,0,3.83,clear sky
210,Srednekolymsk,RU,67.45,153.6833,7.43,95,100,3.11,light snow
211,Lebu,CL,-37.6167,-73.65,59.79,69,4,8.77,clear sky
212,Phuntsholing,BT,26.8516,89.3884,74.35,60,55,6.26,broken clouds
213,Samana,DO,19.2056,-69.3369,82.62,78,20,6.91,few clouds
214,Doha,QA,25.2867,51.5333,73.38,53,0,4.61,clear sky
215,Arraial Do Cabo,BR,-22.9661,-42.0278,75.16,78,75,11.5,broken clouds
216,Pacatuba,BR,-3.9842,-38.6203,79.47,92,100,3.47,light rain
217,Makakilo City,US,21.3469,-158.0858,77.32,64,100,12.66,overcast clouds
218,Goundi,TD,9.3627,17.366,89.38,8,100,2.42,overcast clouds
219,Chernyshevskiy,RU,63.0128,112.4714,14.68,95,100,6.55,overcast clouds
220,Mapiri,BO,-15.25,-68.1667,77.38,90,72,1.12,broken clouds
221,Kruisfontein,ZA,-34.0033,24.7314,64.89,95,11,3.78,few clouds
222,San Alberto,CO,7.7611,-73.3922,89.73,61,99,2.1,overcast clouds
223,Barra Do Garcas,BR,-15.89,-52.2567,79.32,80,78,4.9,broken clouds
224,Petersburg,US,37.2279,-77.4019,76.77,29,0,3.44,clear sky
225,Kodiak,US,57.79,-152.4072,35.11,48,100,13.8,overcast clouds
226,Katherine,AU,-14.4667,132.2667,77.32,83,100,4.61,overcast clouds
227,Havelock,US,34.8791,-76.9013,71.98,64,40,13.8,scattered clouds
228,Beihai,CN,21.4833,109.1,64.29,77,100,23.29,overcast clouds
229,Constitucion,CL,-35.3333,-72.4167,61.79,66,1,16.4,clear sky
230,Bonavista,CA,48.6499,-53.1147,31.01,73,100,28.86,overcast clouds
231,Dorfen,DE,48.2667,12.15,48.76,60,0,1.23,clear sky
232,Barcelos,PT,41.5388,-8.6151,53.74,97,100,4.61,light rain
233,Ahipara,NZ,-35.1667,173.1667,68.18,83,30,4.45,scattered clouds
234,Huangnihe,CN,43.5583,128.0239,24.73,79,100,3.29,overcast clouds
235,Wanning,CN,18.8003,110.3967,76.08,91,92,5.55,overcast clouds
236,Kidal,ML,18.4411,1.4078,80.62,5,5,8.34,clear sky
237,Zhigansk,RU,66.7697,123.3711,-10.03,100,97,5.57,overcast clouds
238,Greymouth,NZ,-42.4667,171.2,64.15,86,99,4.12,overcast clouds
239,Mackenzie,CA,55.2999,-123.1698,41.22,93,100,14.97,overcast clouds
240,Santarem,BR,-2.4431,-54.7083,86.13,74,40,5.75,scattered clouds
241,Lubango,AO,-14.9172,13.4925,62.22,94,100,4.61,moderate rain
242,Leningradskiy,RU,69.3833,178.4167,22.95,83,87,5.61,overcast clouds
243,Tromso,NO,69.6496,18.957,37.42,87,75,9.22,light intensity shower rain
244,Uvat,RU,59.1433,68.8953,22.66,96,100,8.28,light snow
245,Port Blair,IN,11.6667,92.75,77.04,94,40,1.14,mist
246,High Level,CA,58.5169,-117.136,32.11,64,75,8.05,broken clouds
247,Luganville,VU,-15.5333,167.1667,79.56,86,93,5.68,overcast clouds
248,Baherden,TM,38.4362,57.4316,42.57,88,100,5.61,overcast clouds
249,Sarangani,PH,5.4033,125.4636,82.29,74,98,9.35,overcast clouds
250,Magadi,IN,12.9667,77.2333,73.47,61,80,2.46,broken clouds
251,Svetlogorsk,BY,52.6333,29.7333,42.01,73,0,3.8,clear sky
252,Caravelas,BR,-17.7125,-39.2481,74.73,90,58,10.25,broken clouds
253,Quatre Cocos,MU,-20.2078,57.7625,78.91,84,26,11.7,light rain
254,San Luis,AR,-33.295,-66.3356,80.08,34,49,5.84,scattered clouds
255,Oktyabrskiy,RU,54.4815,53.471,31.08,94,100,11.07,overcast clouds
256,Clyde River,CA,70.4692,-68.5914,-13.32,98,54,1.61,broken clouds
257,Fortuna,US,40.5982,-124.1573,67.86,87,0,5.75,clear sky
258,Acajutla,SV,13.5928,-89.8275,86.67,57,93,9.13,overcast clouds
259,Vostok,RU,46.4856,135.8833,15.01,97,98,5.21,overcast clouds
260,Saint George,US,37.1041,-113.5841,67.78,21,0,25.32,clear sky
261,Codrington,AU,-38.2667,141.9667,59.04,64,100,10.83,overcast clouds
262,Hangzhou,CN,30.2937,120.1614,46.31,92,100,5.23,overcast clouds
263,Yulara,AU,-25.2406,130.9889,75.04,38,13,8.05,few clouds
264,Skibbereen,IE,51.55,-9.2667,51.12,88,94,15.73,light rain
265,Isangel,VU,-19.55,169.2667,75.31,100,78,4.61,broken clouds
266,Sibu,MY,2.3,111.8167,73.8,93,100,1.79,overcast clouds
267,Sao Joao Da Barra,BR,-21.6403,-41.0511,73.49,67,37,11.95,scattered clouds
268,Troitskoye,RU,52.9821,84.6757,26.47,96,100,7.14,snow
269,Tual,ID,-5.6667,132.75,80.73,81,100,13.78,light rain
270,Alyangula,AU,-13.8483,136.4192,82.6,74,100,7.23,overcast clouds
271,San Pedro,PH,14.35,121.0167,81.36,77,71,5.79,broken clouds
272,Sioux Lookout,CA,50.1001,-91.917,32.07,93,100,8.05,overcast clouds
273,Salamiyah,SY,35.0113,37.0532,42.13,73,60,5.3,broken clouds
274,Amalapuram,IN,16.5833,82.0167,77.47,95,100,3.22,overcast clouds
275,Saint-Joseph,RE,-21.3667,55.6167,77.38,88,38,9.57,scattered clouds
276,Cherskiy,RU,68.75,161.3,16.21,85,23,8.19,few clouds
277,Adelaide,AU,-34.9333,138.6,62.19,82,75,9.22,broken clouds
278,Ajaccio,FR,42.0,8.9167,41.05,71,0,6.91,clear sky
279,Nkowakowa,ZA,-23.8878,30.2871,65.53,57,0,2.59,clear sky
280,South Lake Tahoe,US,38.9332,-119.9844,60.69,42,0,3.44,clear sky
281,Ostrovnoy,RU,68.0531,39.5131,29.12,86,99,19.6,overcast clouds
282,Sturgeon Bay,US,44.8342,-87.377,39.56,56,100,12.66,overcast clouds
283,Puerto Carreno,CO,6.189,-67.4859,90.5,44,97,11.56,overcast clouds
284,Mayumba,GA,-3.432,10.6554,79.57,89,100,3.98,overcast clouds
285,Shetpe,KZ,44.1667,52.1167,28.9,84,6,12.53,clear sky
286,Khandyga,RU,62.6667,135.6,-3.91,100,100,0.78,overcast clouds
287,Zyryanka,RU,65.75,150.85,4.69,95,100,7.96,overcast clouds
288,Turukhansk,RU,65.8167,87.9833,-6.57,100,76,5.93,broken clouds
289,Mana,GF,5.6592,-53.7767,77.95,87,41,9.91,light rain
290,Tibana,RO,46.9833,27.3333,47.98,59,0,2.64,clear sky
291,Lasa,IT,46.6166,10.7002,39.02,62,1,1.45,clear sky
292,Sibiti,CG,-3.6819,13.3499,69.91,97,91,3.09,overcast clouds
293,Dwarka,IN,22.2394,68.9678,74.91,76,3,9.28,clear sky
294,High Rock,BS,26.6208,-78.2833,78.82,62,0,15.39,clear sky
295,Port Hardy,CA,50.6996,-127.4199,50.18,87,100,11.5,light intensity shower rain
296,Marawi,PH,7.9986,124.2928,67.71,95,100,1.23,overcast clouds
297,Pisco,PE,-13.7,-76.2167,75.02,68,0,25.32,clear sky
298,Barra Da Estiva,BR,-13.6261,-41.3269,72.27,62,11,6.4,few clouds
299,Sao Filipe,CV,14.8961,-24.4956,70.59,73,8,14.07,clear sky
300,Lutz,US,28.1511,-82.4615,89.02,40,0,10.36,clear sky
301,Harper,LR,4.375,-7.7169,80.06,83,100,7.85,overcast clouds
302,Faanui,PF,-16.4833,-151.75,80.67,75,99,13.71,overcast clouds
303,Norman Wells,CA,65.282,-126.8329,3.24,60,100,12.66,overcast clouds
304,Maldonado,UY,-34.6667,-54.9167,72.23,72,100,9.48,overcast clouds
305,Guerrero Negro,MX,27.9769,-114.0611,72.86,42,5,15.03,clear sky
306,Te Anau,NZ,-45.4167,167.7167,60.85,73,6,1.34,clear sky
307,Shirpur,IN,21.35,74.8833,84.94,16,6,9.8,clear sky
308,Kodinsk,RU,58.6881,99.1844,8.4,99,100,3.6,overcast clouds
309,Puerto Rico,AR,-26.796,-55.024,85.12,50,94,5.93,overcast clouds
310,Rudnaya Pristan,RU,44.3614,135.8116,29.19,69,100,5.86,overcast clouds
311,Mount Vernon,US,40.9126,-73.8371,58.89,19,75,20.71,broken clouds
312,Severo-Kurilsk,RU,50.6789,156.125,25.72,72,100,7.7,overcast clouds
313,Robore,BO,-18.3333,-59.75,93.29,52,20,13.8,few clouds
314,Amlame,TG,7.4667,0.9,79.57,77,97,5.77,light rain
315,Adrar,MR,20.5022,-10.0711,79.88,9,0,10.0,clear sky
316,Skjervoy,NO,70.0311,20.9714,32.0,96,100,12.91,light snow
317,Lipari,IT,38.4674,14.954,48.99,47,0,5.91,clear sky
318,Launceston,AU,-41.45,147.1667,53.35,87,73,9.22,broken clouds
319,Adet,ET,11.2644,37.4888,69.1,30,95,7.27,overcast clouds
320,Saquena,PE,-4.6667,-73.5167,82.11,84,60,2.73,broken clouds
321,Matara,LK,5.9485,80.5353,76.91,89,60,7.36,broken clouds
322,Xingyi,CN,24.1877,102.817,59.27,90,100,2.8,overcast clouds
323,Bubaque,GW,11.2833,-15.8333,76.35,76,54,20.2,broken clouds
324,Hillsboro,US,45.5229,-122.9898,67.1,79,75,3.44,broken clouds
325,Fairbanks,US,64.8378,-147.7164,13.48,65,100,6.91,mist
326,Abu Samrah,SY,35.3029,37.1841,43.57,68,69,5.3,broken clouds
327,Ixtapa,MX,20.7,-105.2,76.23,61,40,17.27,scattered clouds
328,Marrakesh,MA,31.6315,-8.0083,62.67,63,40,9.22,scattered clouds
329,Tabou,CI,4.423,-7.3528,80.4,83,100,7.76,overcast clouds
330,Turbat,PK,26.0023,63.044,74.07,43,0,4.61,clear sky
331,Comodoro Rivadavia,AR,-45.8667,-67.5,66.06,30,0,20.71,clear sky
332,Margate,GB,51.3813,1.3862,53.31,71,96,1.99,overcast clouds
333,Fryanovo,RU,56.1333,38.45,30.52,96,0,4.72,clear sky
334,Qasigiannguit,GL,68.8193,-51.1922,3.45,96,100,6.4,light snow
335,Egvekinot,RU,66.3167,-179.1667,11.57,96,97,1.86,overcast clouds
336,Makariv,UA,50.4641,29.8113,42.55,64,0,4.21,clear sky
337,Jiazi,CN,22.8779,116.067,63.03,88,100,17.56,overcast clouds
338,Narok,KE,-1.0783,35.8601,61.07,60,43,6.22,scattered clouds
339,Middelburg,ZA,-25.7751,29.4648,59.85,64,16,6.67,few clouds
340,Aden,YE,12.7794,45.0367,78.57,82,98,14.81,overcast clouds
341,Parnarama,BR,-5.6817,-43.0933,76.95,92,100,1.19,overcast clouds
342,Havre-Saint-Pierre,CA,50.2334,-63.5986,37.4,60,100,21.85,overcast clouds
343,Virginia Beach,US,36.8529,-75.978,74.05,51,75,11.5,broken clouds
344,Stolin,BY,51.8912,26.846,44.19,67,0,2.95,clear sky
345,Byron Bay,AU,-28.65,153.6167,65.95,84,15,6.26,few clouds
346,Ulaanbaatar,MN,47.9077,106.8832,-0.27,71,0,2.24,clear sky
347,Sinnamary,GF,5.3833,-52.95,77.72,89,54,11.07,light rain
348,Dunedin,NZ,-45.8742,170.5036,61.81,99,6,3.0,clear sky
349,Labuhan,ID,-6.8844,112.2051,79.99,85,100,4.32,overcast clouds
350,Henties Bay,NA,-22.116,14.2845,66.81,88,44,4.25,light rain
351,Abu Kamal,SY,34.4506,40.9171,47.79,71,13,3.6,few clouds
352,Puga,MX,21.5833,-104.8167,87.87,21,0,11.5,clear sky
353,Salinopolis,BR,-0.6136,-47.3561,77.77,88,100,3.29,overcast clouds
354,Itacarambi,BR,-15.1022,-44.0919,78.62,57,17,6.67,few clouds
355,Arkhangelsk,RU,64.5401,40.5433,32.11,69,20,8.95,few clouds
356,Nelson Bay,AU,-32.7167,152.15,69.85,90,83,4.29,broken clouds
357,Kununurra,AU,-15.7667,128.7333,80.58,94,88,6.91,overcast clouds
358,Morondava,MG,-20.2833,44.2833,80.1,75,80,5.37,broken clouds
359,Vikhorevka,RU,56.1201,101.1636,20.79,99,100,2.13,overcast clouds
360,Amli,IN,20.2833,73.0167,79.38,28,4,4.63,clear sky
361,Sisimiut,GL,66.9395,-53.6735,2.66,95,100,4.9,overcast clouds
362,Plettenberg Bay,ZA,-34.0527,23.3716,67.93,93,38,3.74,scattered clouds
363,Vestmannaeyjar,IS,63.4427,-20.2734,45.93,91,100,7.9,overcast clouds
364,Lyubim,RU,58.3625,40.6843,30.42,97,7,4.5,clear sky
365,Kutum,SD,14.2,24.6667,73.85,11,68,10.63,broken clouds
366,Washington,US,47.5001,-120.5015,54.48,62,100,3.2,overcast clouds
367,Carndonagh,IE,55.25,-7.2667,55.02,91,33,6.98,scattered clouds
368,Ahuimanu,US,21.4447,-157.8378,78.51,73,75,12.66,broken clouds
369,Domoni,KM,-12.2569,44.5319,80.38,83,43,5.66,scattered clouds
370,Ponta Do Sol,PT,32.6667,-17.1,63.05,67,50,9.89,scattered clouds
371,Haines Junction,CA,60.7522,-137.5108,17.55,86,100,6.91,overcast clouds
372,Manicore,BR,-5.8092,-61.3003,81.16,88,55,2.89,broken clouds
373,Wenling,CN,28.3669,121.36,47.28,87,100,11.23,overcast clouds
374,Faya,SA,18.3851,42.4509,59.11,55,0,3.02,clear sky
375,Nuuk,GL,64.1835,-51.7216,12.81,92,20,17.27,few clouds
376,Kirakira,SB,-10.4544,161.9205,81.81,78,93,4.32,overcast clouds
377,Port Moresby,PG,-9.4431,147.1797,77.13,85,100,3.98,overcast clouds
378,Bereda,ES,43.2686,-7.5406,47.14,92,100,1.74,overcast clouds
379,Airai,TL,-8.9266,125.4092,59.5,91,100,1.43,overcast clouds
380,Ponta Delgada,PT,37.7333,-25.6667,60.49,72,20,6.91,few clouds
381,Chapais,CA,49.7834,-74.8492,22.78,79,100,11.48,overcast clouds
382,Yar-Sale,RU,66.8333,70.8333,14.72,95,100,11.86,overcast clouds
383,Hecun,CN,36.5333,114.1111,43.11,73,23,5.17,few clouds
384,Tezu,IN,27.9167,96.1667,76.91,33,87,3.94,overcast clouds
385,Sayyan,YE,15.1718,44.3244,63.91,46,55,1.5,broken clouds
386,Tautira,PF,-17.7333,-149.15,80.15,76,56,11.56,broken clouds
387,Egyek,HU,47.6333,20.9,47.84,49,1,7.83,clear sky
388,Bandarbeyla,SO,9.4942,50.8122,76.73,79,55,2.71,broken clouds
389,Gorom-Gorom,BF,14.4439,-0.2361,87.71,8,2,11.41,clear sky
390,Stykkisholmur,IS,65.0757,-22.7297,31.06,92,100,14.27,light snow
391,Erzin,TR,36.9559,36.2,42.69,83,66,5.7,broken clouds
392,Olinda,BR,-8.0089,-34.8553,76.73,100,75,6.91,moderate rain
393,Dillon,US,34.4166,-79.3712,76.14,43,100,7.96,overcast clouds
394,Grindavik,IS,63.8424,-22.4338,43.27,100,100,8.05,overcast clouds
395,Jalu,LY,29.0331,21.5482,51.64,50,47,15.01,scattered clouds
396,Mayskiy,RU,47.6931,40.1025,24.21,60,0,6.69,clear sky
397,Chagoda,RU,59.164,35.3285,29.19,95,7,5.3,clear sky
398,Pacific Grove,US,36.6177,-121.9166,83.88,56,0,7.0,clear sky
399,Kedrovyy,RU,56.1667,91.8167,19.87,90,100,7.0,overcast clouds
400,Ucluelet,CA,48.9329,-125.5528,51.1,93,100,1.99,overcast clouds
401,College,US,64.8569,-147.8028,13.46,66,100,6.91,light snow
402,Sainte-Claire,CA,46.6006,-70.8649,31.33,66,100,8.01,overcast clouds
403,Xichang,CN,27.8964,102.2634,49.39,81,9,2.73,clear sky
404,Waipawa,NZ,-41.4122,175.5153,61.99,94,100,5.66,heavy intensity rain
405,Aykhal,RU,66.0,111.5,0.43,99,100,3.58,overcast clouds
406,Popondetta,PG,-8.7537,148.2534,74.64,95,100,2.66,overcast clouds
407,Kinablangan,PH,7.6947,126.5503,77.61,83,100,4.54,overcast clouds
408,Metro,ID,-5.1131,105.3067,74.08,91,99,3.27,overcast clouds
409,Riviere-Au-Renard,CA,48.9957,-64.3971,35.89,78,100,27.96,overcast clouds
410,Hearst,CA,49.6835,-83.6665,37.65,73,100,6.76,overcast clouds
411,Pshekhskaya,RU,44.696,39.7967,33.76,60,0,18.16,clear sky
412,Ako,JP,34.75,134.4,38.37,83,100,5.48,overcast clouds
413,Broome,US,42.2506,-75.833,47.7,31,0,12.66,clear sky
414,Talas,TR,38.6908,35.5538,25.47,86,0,0.0,clear sky
415,Beyneu,KZ,45.3167,55.2,29.14,86,6,8.3,clear sky
416,Sault Sainte Marie,CA,46.5168,-84.3333,35.89,31,0,12.66,clear sky
417,Burnie,AU,-41.0667,145.9167,57.92,61,68,14.83,broken clouds
418,Jibuti,DJ,11.5,42.5,72.63,81,25,10.31,scattered clouds
419,Russell,US,32.3502,-85.1999,79.97,42,0,14.97,clear sky
420,Mayo,US,38.8876,-76.5119,69.57,50,0,6.91,clear sky
421,Kargat,RU,55.1956,80.2811,15.87,97,99,11.12,overcast clouds
422,Berdigestyakh,RU,62.0989,126.6992,-3.82,100,100,2.21,overcast clouds
423,Pontianak,ID,-0.0333,109.3333,75.18,100,20,3.44,few clouds
424,Falam,MM,22.9167,93.6833,62.13,43,91,2.64,overcast clouds
425,Nouadhibou,MR,20.931,-17.0347,64.38,72,0,20.71,sand
426,Lyngseidet,NO,69.5763,20.2189,32.0,99,100,4.0,snow
427,Preston,GB,53.7667,-2.7167,55.69,77,64,7.45,broken clouds
428,Rio Grande,BR,-32.035,-52.0986,73.51,75,100,21.25,moderate rain
429,Vondrozo,MG,-22.8167,47.2833,66.83,93,100,1.01,overcast clouds
430,Los Llanos De Aridane,ES,28.6585,-17.9182,60.55,84,20,5.75,few clouds
431,Teya,RU,60.3778,92.6267,17.24,97,100,2.62,light snow
432,Morro Bay,US,35.3658,-120.8499,87.24,41,1,7.0,clear sky
433,Hede,CN,33.7681,120.2517,39.29,86,100,2.21,overcast clouds
434,Nabire,ID,-3.3667,135.4833,76.01,91,100,2.39,light rain
435,Santa Isabel Do Rio Negro,BR,-0.4139,-65.0192,82.04,86,88,1.88,overcast clouds
436,Aquidaba,BR,-10.2814,-37.0186,78.04,74,41,10.65,scattered clouds
437,Goderich,CA,43.7501,-81.7165,44.92,42,100,13.8,overcast clouds
438,Ambon,ID,-3.6954,128.1814,75.34,94,40,3.44,scattered clouds
439,Grand Gaube,MU,-20.0064,57.6608,79.2,90,66,3.0,moderate rain
440,Uruzgan,AF,32.8333,66.0,58.3,26,90,2.06,overcast clouds
441,Camargo,MX,27.6667,-105.1667,69.91,10,0,13.78,clear sky
442,Malindi,KE,-3.2175,40.1191,80.01,88,4,10.18,clear sky
443,Khandbari,NP,27.3747,87.2039,67.75,51,49,4.38,scattered clouds
444,Nome,US,64.5011,-165.4064,11.16,66,0,0.0,clear sky
445,Gusau,NG,12.1628,6.6614,88.97,13,88,6.87,overcast clouds
446,Melong,CM,5.1218,9.9614,71.62,91,100,1.3,light rain
447,Bilma,NE,18.6853,12.9164,74.1,17,3,14.67,clear sky
448,Christchurch,NZ,-43.5333,172.6333,64.94,95,100,3.44,mist
449,Catamarca,AR,-28.4696,-65.7852,83.77,52,22,5.99,few clouds
450,Campos Belos,BR,-13.0367,-46.7717,77.58,70,89,2.77,overcast clouds
451,Nauta,PE,-4.5061,-73.5757,81.45,89,56,3.09,broken clouds
452,Negombo,LK,7.2083,79.8358,79.83,83,41,7.36,scattered clouds
453,Tombouctou,ML,20.0,-3.0,75.74,10,0,8.48,clear sky
454,Daokou,CN,35.5639,114.5058,39.76,79,1,10.4,clear sky
455,Montepuez,MZ,-13.1256,38.9997,72.18,84,99,3.18,overcast clouds
456,Szamotuly,PL,52.612,16.5779,47.98,54,0,5.99,clear sky
457,General Roca,AR,-39.0333,-67.5833,81.63,15,4,11.7,clear sky
458,Iskateley,RU,67.6803,53.1512,25.36,86,100,26.6,overcast clouds
459,Setermoen,NO,68.861,18.3486,39.16,94,100,1.01,overcast clouds
460,Santiago Del Estero,AR,-27.7951,-64.2615,82.78,51,27,5.86,scattered clouds
461,Kenora,CA,49.8167,-94.4337,32.97,100,100,3.44,mist
462,Xining,CN,36.6167,101.7667,36.75,46,83,1.1,broken clouds
463,Port Augusta,AU,-32.5,137.7667,62.98,77,100,11.34,overcast clouds
464,Trenggalek,ID,-8.05,111.7167,75.27,92,100,2.82,overcast clouds
465,Baker City,US,44.7749,-117.8344,55.11,58,20,3.44,few clouds
466,Liverpool,GB,53.4106,-2.9779,55.94,73,0,8.05,clear sky
467,Beloha,MG,-25.1667,45.05,70.99,81,0,12.17,clear sky
468,Inhambane,MZ,-23.865,35.3833,74.48,76,63,8.55,broken clouds
469,Aksu,CN,41.1231,80.2644,45.63,66,100,2.73,overcast clouds
470,Ilam,NP,26.9167,87.9167,66.24,54,30,5.28,scattered clouds
471,Forquilhinha,BR,-28.7475,-49.4722,78.01,67,68,8.7,broken clouds
472,Sibulan,PH,9.3584,123.285,79.3,86,99,4.72,overcast clouds
473,Aldan,RU,58.6031,125.3894,10.09,97,100,4.63,overcast clouds
474,Sorland,NO,67.667,12.6934,42.1,89,92,23.09,light rain
475,Fortuna Foothills,US,32.6578,-114.4119,84.22,12,20,21.85,few clouds
476,Bedesa,ET,8.9,40.7833,71.67,41,85,2.13,overcast clouds
477,Tigil,RU,57.8,158.6667,14.97,86,100,4.12,overcast clouds
478,Kumo,NG,10.0447,11.2122,88.2,11,92,2.1,overcast clouds
479,Ban Nahin,LA,18.2418,104.2122,76.21,85,100,2.77,overcast clouds
480,Ambilobe,MG,-13.2,49.05,74.7,96,24,2.1,light rain
481,Krasnoselkup,RU,65.7,82.4667,-13.36,100,93,6.04,overcast clouds
482,Vao,NC,-22.6667,167.4833,76.15,70,54,9.26,broken clouds
483,Ushirombo,TZ,-3.4919,31.9639,63.32,95,45,2.06,light rain
484,Boa Vista,BR,2.8197,-60.6733,91.38,43,40,9.22,scattered clouds
485,Tsiroanomandidy,MG,-18.7667,46.0333,66.72,96,89,1.92,overcast clouds
486,Krasnyy Yar,RU,46.5331,48.3456,31.96,67,0,6.82,clear sky
487,Saint Anthony,US,45.0205,-93.218,42.73,92,100,13.8,moderate rain
488,Ust-Maya,RU,60.4167,134.5333,-9.4,100,100,2.1,overcast clouds
489,Miandrivazo,MG,-19.5167,45.4667,76.68,91,100,0.92,light rain
490,Palia Kalan,IN,28.45,80.5833,68.59,17,0,4.38,clear sky
491,Kamina,CD,-8.7386,24.9906,63.64,96,95,3.85,overcast clouds
492,Katima Mulilo,NA,-17.5,24.2667,68.7,78,88,5.48,overcast clouds
493,Hualmay,PE,-11.0964,-77.6139,74.16,74,11,11.72,few clouds
494,Grand-Santi,GF,4.25,-54.3833,76.96,97,50,3.51,scattered clouds
495,Anloga,GH,5.7947,0.8973,83.41,81,97,12.66,overcast clouds
496,Zaraza,VE,9.3503,-65.3245,92.84,31,48,12.86,scattered clouds
497,Chhapar,IN,27.8167,74.4,80.65,13,0,8.84,clear sky
498,Ushibuka,JP,32.1906,130.0228,51.44,80,100,6.71,overcast clouds
499,Brokopondo,SR,4.75,-55.1667,77.99,89,78,8.03,broken clouds
500,Florianopolis,BR,-27.6146,-48.5012,73.35,81,75,10.36,broken clouds
501,Tokur,RU,53.1333,132.9,2.91,100,100,3.11,overcast clouds
502,Acarau,BR,-2.8856,-40.12,79.75,83,96,9.28,moderate rain
503,Kinston,US,35.2627,-77.5816,74.16,23,0,11.5,clear sky
504,Tshela,CD,-4.9833,12.9333,73.26,97,100,1.39,light rain
505,Dekar,BW,-21.5333,21.9333,68.92,45,6,8.37,clear sky
506,Evensk,RU,61.95,159.2333,17.73,97,100,0.65,overcast clouds
507,Ginir,ET,7.1333,40.7,63.66,52,10,4.38,clear sky
508,Vila Velha,BR,-20.3297,-40.2925,71.55,95,75,11.99,mist
509,Corning,US,42.1428,-77.0547,51.17,31,0,5.75,clear sky
510,Erenhot,CN,43.6475,111.9767,29.55,44,5,9.48,clear sky
511,Merrillville,US,41.4828,-87.3328,55.26,79,100,17.27,overcast clouds
512,Obregon,NI,11.9566,-85.9636,93.29,43,22,11.72,few clouds
513,Iquique,CL,-20.2208,-70.1431,69.84,69,11,7.09,few clouds
514,Bukachacha,RU,52.9833,116.9167,6.46,95,82,4.12,broken clouds
515,Santa Maria,BR,-29.6842,-53.8069,76.3,73,40,5.75,moderate rain
516,Beringovskiy,RU,63.05,179.3167,15.78,95,96,8.46,overcast clouds
517,Igrim,RU,63.1906,64.4162,23.22,94,73,8.01,broken clouds
518,Paamiut,GL,61.994,-49.6678,19.11,80,100,8.19,overcast clouds
519,Bagdarin,RU,54.4333,113.6,1.08,97,55,3.96,broken clouds
520,Auki,SB,-8.7676,160.7034,79.16,85,100,3.74,overcast clouds
521,Chernihiv,UA,51.0,32.0,42.67,65,0,4.97,clear sky
522,Kingsport,US,36.5484,-82.5618,76.26,30,75,12.66,broken clouds
523,Kiruna,SE,67.8557,20.2251,31.12,80,20,8.05,few clouds
524,Taksimo,RU,56.3444,114.8794,5.23,94,96,3.0,overcast clouds
525,Marau,BR,-28.4492,-52.2,75.65,56,46,3.69,scattered clouds
526,Huarmey,PE,-10.0681,-78.1522,75.09,74,10,12.01,clear sky
527,Tadine,NC,-21.55,167.8833,76.57,79,100,10.25,overcast clouds
528,Darhan,MN,49.4867,105.9228,18.28,72,9,1.21,clear sky
529,Verkhnevilyuysk,RU,63.4453,120.3167,3.13,99,95,3.02,overcast clouds
530,Petropavlovsk-Kamchatskiy,RU,53.0452,158.6483,16.39,79,20,2.24,few clouds
531,Richards Bay,ZA,-28.783,32.0377,69.8,86,85,5.44,overcast clouds
532,Kiunga,PG,-6.1219,141.2906,73.0,100,100,3.09,light rain
533,Rio Gallegos,AR,-51.6226,-69.2181,59.05,33,40,24.16,light rain
534,Manokwari,ID,-0.8667,134.0833,76.77,84,100,5.06,heavy intensity rain
535,Talnakh,RU,69.4865,88.3972,1.2,91,100,8.23,overcast clouds
536,Tuatapere,NZ,-46.1333,167.6833,62.42,71,6,2.08,clear sky
537,Tari,NG,12.4086,4.4914,88.02,14,42,5.82,scattered clouds
538,Jinxiang,CN,27.4327,120.6062,50.07,87,100,9.82,overcast clouds
539,Biltine,TD,14.5333,20.9167,84.02,10,93,7.72,overcast clouds
540,Oriximina,BR,-1.7656,-55.8661,81.61,80,41,2.39,scattered clouds
541,Charters Towers,AU,-20.1,146.2667,68.5,84,3,5.41,clear sky
542,Sistranda,NO,63.7256,8.834,40.96,85,42,20.4,scattered clouds
543,Manacapuru,BR,-3.2997,-60.6206,83.62,72,34,2.24,scattered clouds
544,Araouane,ML,18.9048,-3.5265,77.47,9,0,8.46,clear sky
545,Miracatu,BR,-24.2814,-47.4597,70.88,79,66,3.58,broken clouds
546,Ayagoz,KZ,47.9714,80.4392,25.18,96,100,16.4,snow
547,Phon Thong,TH,16.3016,103.9768,85.95,70,87,5.26,overcast clouds
548,Minab,IR,27.1467,57.0801,74.93,46,0,5.3,clear sky
549,Wladyslawowo,PL,54.7909,18.4009,44.94,56,0,4.03,clear sky
550,Baksan,RU,43.6881,43.5369,28.17,93,81,3.94,broken clouds
551,Madaoua,NE,14.073,5.96,86.05,12,4,7.4,clear sky
552,Flinders,AU,-34.5833,150.8552,71.19,86,94,3.0,light rain
553,Voyvozh,RU,62.892,54.9635,25.0,84,100,14.81,overcast clouds
554,Odesskoye,RU,54.2111,72.9651,20.05,95,90,12.19,overcast clouds
555,Havre,FR,49.5833,0.3333,55.17,30,0,5.75,clear sky
556,Talcher,IN,20.95,85.2167,75.87,96,28,5.53,scattered clouds
557,Guiglo,CI,6.5456,-7.4966,79.11,72,91,4.72,overcast clouds
558,Necochea,AR,-38.5473,-58.7368,76.12,37,19,9.17,few clouds
559,Sao Gabriel Da Cachoeira,BR,-0.1303,-67.0892,79.99,93,76,1.34,broken clouds
560,Lucea,JM,18.451,-78.1736,82.85,73,71,7.7,broken clouds
561,Fomboni,KM,-12.28,43.7425,82.71,73,8,2.19,clear sky
562,Laguna,US,38.421,-121.4238,82.53,37,0,3.44,clear sky
563,Dire Dawa,ET,9.5931,41.8661,75.63,48,58,9.37,broken clouds
564,Nchelenge,ZM,-9.3451,28.734,70.0,88,100,4.45,light rain
565,Nemuro,JP,43.3236,145.575,27.91,86,12,3.91,few clouds
566,Colchester,GB,51.8892,0.9042,50.74,83,24,6.11,few clouds
567,San Carlos De Bariloche,AR,-41.1456,-71.3082,62.35,39,20,26.46,few clouds
568,Sabha,LY,27.0377,14.4283,54.37,31,0,11.99,clear sky
569,Paka,MY,4.6374,103.4368,75.13,94,99,0.0,overcast clouds
570,Rodez,FR,44.5,2.5833,44.91,45,0,19.57,clear sky
571,Bintulu,MY,3.1667,113.0333,75.61,94,20,0.0,few clouds
572,Benesat,RO,47.4167,23.3,45.48,57,0,2.08,clear sky
573,Kota Tinggi,MY,1.7381,103.8999,78.84,94,98,1.92,overcast clouds
574,Acapulco,MX,16.8634,-99.8901,84.02,65,20,9.22,few clouds
575,Mogzon,RU,51.7435,111.9606,2.21,99,86,2.3,overcast clouds
576,Camacha,PT,33.0833,-16.3333,56.62,72,40,11.5,scattered clouds
577,Elizabeth City,US,36.2946,-76.2511,75.02,38,0,8.05,clear sky
578,Meadow Lake,US,34.8014,-106.5436,46.06,63,99,6.78,overcast clouds
579,Visby,SE,57.6409,18.296,43.02,56,80,11.5,broken clouds
580,Yemtsa,RU,63.0734,40.3329,26.87,97,83,5.61,broken clouds
581,Alice Springs,AU,-23.7,133.8833,69.22,32,38,6.91,scattered clouds
582,Sungai Petani,MY,5.647,100.4877,84.07,91,95,1.28,overcast clouds
583,Kudahuvadhoo,MV,2.6708,72.8944,82.36,68,2,12.01,clear sky
584,Ontario,US,34.0633,-117.6509,89.28,20,40,16.11,scattered clouds
585,Tara,RU,56.8944,74.371,14.97,98,97,5.14,overcast clouds
586,Kuandian,CN,40.7286,124.7847,31.26,61,98,3.29,overcast clouds
587,Iwanai,JP,42.9744,140.5089,27.48,85,53,3.94,broken clouds
588,Kosovo Polje,XK,42.6394,21.0961,39.16,45,0,0.0,clear sky
589,Kenai,US,60.5544,-151.2583,30.29,50,75,27.63,broken clouds
590,Kholodnyy,RU,62.7167,147.95,4.53,97,100,2.24,overcast clouds
591,Asfi,MA,32.2994,-9.2372,59.45,85,87,7.58,overcast clouds
592,Hobyo,SO,5.3505,48.5268,78.98,76,12,11.61,few clouds
593,Bireun,ID,5.203,96.7009,77.56,84,94,4.43,overcast clouds
594,Mudgee,AU,-32.5943,149.5871,63.63,94,40,6.91,light rain
595,Lagoa,PT,39.05,-27.9833,59.22,79,17,13.78,few clouds
596,Nieuwpoort,BE,51.1244,2.7735,58.01,69,20,6.91,few clouds
597,Juneau,US,58.3019,-134.4197,42.8,99,75,26.46,light rain
598,Sri Aman,MY,1.2376,111.4621,73.45,100,100,0.0,overcast clouds
599,Bombay,IN,19.0144,72.8479,82.38,51,7,0.0,smoke
600,Najran,SA,17.4924,44.1277,74.05,40,2,2.91,clear sky
601,Whitehorse,CA,60.7161,-135.0538,40.01,58,40,20.71,scattered clouds
602,Mandalgovi,MN,45.7625,106.2708,22.89,44,100,7.67,overcast clouds
603,Champa,IN,22.05,82.65,73.99,16,67,6.93,broken clouds
604,Vanderhoof,CA,54.0166,-124.0198,51.12,77,95,10.92,overcast clouds
605,Boromo,BF,11.75,-2.9333,93.72,11,100,6.51,overcast clouds
606,Campina Grande Do Sul,BR,-25.3056,-49.0553,66.52,71,30,5.93,scattered clouds
607,Megion,RU,61.0296,76.1136,15.82,98,97,3.78,overcast clouds
608,Dmytrivka,UA,45.9717,28.9864,38.5,67,0,6.35,clear sky
609,Robertson,US,36.5167,-86.8667,75.18,57,75,16.11,broken clouds
610,Minbu,MM,20.1833,94.8833,78.89,80,100,4.52,overcast clouds
611,Omboue,GA,-1.5746,9.2618,78.71,86,85,3.91,overcast clouds
612,Lahaina,US,20.8783,-156.6825,82.4,80,99,8.34,overcast clouds
613,Okato,NZ,-39.2,173.8833,65.91,92,100,6.31,moderate rain
614,Suihua,CN,46.6406,126.9969,21.02,86,4,6.96,clear sky
615,Maryville,US,35.7565,-83.9705,78.28,26,75,7.0,broken clouds
616,Hervey Bay,AU,-25.2986,152.8535,71.02,95,1,13.0,clear sky
617,Chernukha,RU,55.5974,43.7556,29.52,99,53,4.5,broken clouds
618,Benjamin Hill,MX,30.1667,-111.1,74.98,10,0,13.11,clear sky
619,Abha,SA,18.2164,42.5053,58.82,67,0,0.0,clear sky
620,Rupert,US,42.6191,-113.6772,52.18,43,0,9.22,clear sky
621,Turayf,SA,31.6725,38.6637,48.45,53,0,6.91,clear sky
622,Inuvik,CA,68.3499,-133.7218,-1.44,71,100,10.36,light snow
623,Myaundzha,RU,63.0494,147.1858,5.34,97,100,2.1,light snow
624,Axim,GH,4.8699,-2.2405,81.63,84,87,7.43,overcast clouds
625,Okha,RU,53.5739,142.9478,2.91,95,45,8.16,scattered clouds
626,Valdivia,CL,-39.8142,-73.2459,60.89,67,14,6.78,few clouds
627,Arman,RU,59.7,150.1667,12.02,93,100,5.95,overcast clouds
628,Kalinovskoye,RU,44.8635,42.9622,28.58,57,0,12.44,clear sky
629,Viedma,AR,-40.8135,-62.9967,78.26,22,1,9.01,clear sky
630,Shasta Lake,US,40.6804,-122.3708,82.76,30,6,9.19,clear sky
631,Boo,SE,59.3333,18.2833,40.17,70,0,5.75,clear sky
632,Shubarkuduk,KZ,49.1447,56.4872,3.02,100,100,2.82,overcast clouds
633,Tazovskiy,RU,67.4667,78.7,-1.28,92,100,9.75,overcast clouds
634,Sakakah,SA,29.9697,40.2064,56.77,30,0,6.96,clear sky
635,Coihaique,CL,-45.5752,-72.0662,58.95,58,75,5.75,broken clouds
636,Vangaindrano,MG,-23.35,47.6,72.97,82,100,0.72,overcast clouds
637,Vertou,FR,47.1687,-1.4693,53.58,62,0,8.05,clear sky
638,Catalao,BR,-18.1658,-47.9464,72.86,67,97,4.32,light rain
639,Torit,SS,4.4133,32.5678,79.16,58,65,3.51,broken clouds
640,El Paso,US,31.8001,-106.2005,57.56,45,40,13.8,scattered clouds
641,Ust-Karsk,RU,52.7011,118.8077,1.81,98,88,0.43,overcast clouds
642,Nagato,JP,34.3833,131.2,41.2,74,100,8.99,overcast clouds
643,Camacupa,AO,-12.0167,17.4833,63.97,92,100,7.23,light rain
644,Mingguang,CN,32.7802,117.9638,42.82,87,91,4.36,overcast clouds
645,Poum,NC,-20.2333,164.0167,79.47,76,93,16.11,overcast clouds
646,Ketchikan,US,55.3422,-131.6461,42.78,87,100,16.11,light rain
647,Guhagar,IN,17.4842,73.1929,75.74,86,38,1.41,scattered clouds
648,Kaeo,NZ,-35.1,173.7833,68.32,97,15,2.64,few clouds
649,Carlisle,US,40.2015,-77.1889,56.84,33,100,1.01,overcast clouds
650,Tibati,CM,6.4667,12.6333,76.48,20,87,3.33,overcast clouds
651,Saint-Georges,GD,12.0564,-61.7485,82.08,69,20,23.02,few clouds
652,Sobolevo,RU,54.4299,31.8996,34.21,98,100,5.1,overcast clouds
653,Kembolcha,ET,11.0816,39.7434,65.17,66,67,2.46,light rain
654,Buchanan,LR,5.8808,-10.0467,79.95,88,100,5.17,overcast clouds
655,Anuchino,RU,43.9622,133.0544,22.59,91,100,4.43,overcast clouds
656,Mikumi,TZ,-7.4041,36.9831,69.75,98,99,3.42,overcast clouds
657,Kolokani,ML,13.5728,-8.0339,85.77,13,55,9.4,broken clouds
658,Hirara,JP,24.8,125.2833,70.3,91,100,15.1,overcast clouds
659,Baijiantan,CN,45.6333,85.1833,42.33,63,100,6.67,light rain
660,Bontang,ID,0.1333,117.5,77.27,89,100,0.47,moderate rain
661,Borovoy,RU,55.4333,86.0833,20.48,86,40,8.95,scattered clouds
662,Shahpur,IN,16.7,76.8333,83.17,41,13,6.85,few clouds
663,Mercedes,AR,-34.6515,-59.4307,71.78,59,48,10.22,scattered clouds
664,Moissala,TD,8.3404,17.7663,82.85,10,100,0.76,overcast clouds
665,Obsharovka,RU,53.125,48.8531,32.18,93,66,7.61,broken clouds
666,Chunan,CN,24.5277,110.548,48.94,96,100,5.61,light rain
667,Rocha,UY,-34.4833,-54.3333,71.42,70,100,8.75,light rain
668,Pag,HR,44.445,15.0575,39.78,59,0,13.76,clear sky
669,Korla,CN,41.7597,86.1469,43.48,67,32,1.39,scattered clouds
670,Eirunepe,BR,-6.6603,-69.8736,81.48,87,53,2.62,broken clouds
671,Morristown,US,36.214,-83.2949,76.91,30,0,8.05,clear sky
672,Nioro,GM,13.35,-15.75,86.04,26,3,12.03,clear sky
673,Can,TR,40.0333,27.0524,38.98,87,100,13.73,overcast clouds
674,Biak,ID,-0.9131,122.8766,76.06,85,100,6.51,light rain
675,Bud,US,39.447,-86.1758,55.35,93,100,11.34,moderate rain
676,Sindor,RU,62.8629,51.8905,26.67,82,52,12.55,broken clouds
677,Horsham,GB,51.064,-0.3272,54.54,66,0,5.75,clear sky
678,Hay River,CA,60.8156,-115.7999,6.78,72,75,11.5,broken clouds
679,Fort Walton Beach,US,30.4058,-86.6188,77.05,83,100,23.02,overcast clouds
680,Domazlice,CZ,49.4405,12.9298,49.14,62,0,1.32,clear sky
681,Ojinaga,MX,29.5667,-104.4167,67.57,31,0,6.91,clear sky
682,Santa Cecilia,BR,-26.9608,-50.4269,62.73,79,51,6.87,broken clouds
683,Pierre,US,44.3683,-100.351,54.52,27,75,34.52,broken clouds
684,Neuquen,AR,-38.9516,-68.0591,80.49,26,0,6.91,clear sky
685,Lujan,AR,-34.5703,-59.105,73.11,80,48,1.01,scattered clouds
686,Mildura,AU,-34.2,142.15,55.36,88,50,5.75,scattered clouds
687,Calbuco,CL,-41.768,-73.1273,60.01,69,99,11.9,overcast clouds
688,Bahir Dar,ET,11.5936,37.3908,77.04,27,95,8.84,overcast clouds
689,Tucuru,GT,15.3,-90.0667,93.24,33,30,4.38,scattered clouds
690,Fredericksburg,US,38.3032,-77.4605,71.2,36,0,8.05,clear sky
691,Horve,DK,55.7529,11.453,41.25,57,0,3.53,clear sky
692,Moerai,PF,-22.4333,-151.3333,81.05,72,100,9.73,overcast clouds
693,Teguise,ES,29.0605,-13.564,61.02,63,20,9.22,few clouds
694,Kantunilkin,MX,21.0917,-87.45,88.95,40,0,10.63,clear sky
695,Pundaguitan,PH,6.3711,126.1689,81.28,75,97,11.32,overcast clouds
696,Maua,BR,-23.6678,-46.4614,69.37,83,64,8.57,broken clouds
697,Krasnyye Tkachi,RU,57.4926,39.7563,31.82,95,2,6.51,clear sky
698,Xuddur,SO,4.1213,43.8894,76.77,62,4,12.75,clear sky
699,Prince Albert,CA,53.2001,-105.7677,40.95,52,20,8.05,few clouds
700,Williams Lake,CA,52.1415,-122.1445,45.97,75,75,13.8,broken clouds
701,Syracuse,IT,37.0881,15.2792,43.97,59,6,9.22,clear sky
